<?xml version="1.0" encoding="UTF-8"?>
<project-private xmlns="http://www.netbeans.org/ns/project-private/1">
    <editor-bookmarks xmlns="http://www.netbeans.org/ns/editor-bookmarks/2" lastBookmarkId="0"/>
    <open-files xmlns="http://www.netbeans.org/ns/projectui-open-files/2">
        <group>
            <file>file:/D:/%23%23Degree/SEM%203/OOP/project/studentManagementSystem/src/studentmanagementsystem/Adminlogin.java</file>
            <file>file:/D:/%23%23Degree/SEM%203/OOP/project/studentManagementSystem/src/studentmanagementsystem/ChooseRole.java</file>
            <file>file:/D:/%23%23Degree/SEM%203/OOP/project/studentManagementSystem/src/studentmanagementsystem/FeeBalance.java</file>
            <file>file:/D:/%23%23Degree/SEM%203/OOP/project/studentManagementSystem/src/studentmanagementsystem/AddFaculty.java</file>
            <file>file:/D:/%23%23Degree/SEM%203/OOP/project/studentManagementSystem/src/studentmanagementsystem/AdminEditInfo.java</file>
            <file>file:/D:/%23%23Degree/SEM%203/OOP/project/studentManagementSystem/src/studentmanagementsystem/Person.java</file>
            <file>file:/D:/%23%23Degree/SEM%203/OOP/project/studentManagementSystem/src/studentmanagementsystem/ListFaculty.java</file>
            <file>file:/D:/%23%23Degree/SEM%203/OOP/project/studentManagementSystem/src/studentmanagementsystem/StudentEditInfo.java</file>
            <file>file:/D:/%23%23Degree/SEM%203/OOP/project/studentManagementSystem/src/studentmanagementsystem/AddStudent.java</file>
            <file>file:/D:/%23%23Degree/SEM%203/OOP/project/studentManagementSystem/src/studentmanagementsystem/ListSubjectAdmin.java</file>
            <file>file:/D:/%23%23Degree/SEM%203/OOP/project/studentManagementSystem/src/studentmanagementsystem/StudentManagementSystem.java</file>
            <file>file:/D:/%23%23Degree/SEM%203/OOP/project/studentManagementSystem/src/studentmanagementsystem/ConnectionDB.java</file>
            <file>file:/D:/%23%23Degree/SEM%203/OOP/project/studentManagementSystem/src/studentmanagementsystem/Subject.java</file>
            <file>file:/D:/%23%23Degree/SEM%203/OOP/project/studentManagementSystem/src/studentmanagementsystem/Faculty.java</file>
            <file>file:/D:/%23%23Degree/SEM%203/OOP/project/studentManagementSystem/src/studentmanagementsystem/StudentLogin.java</file>
            <file>file:/D:/%23%23Degree/SEM%203/OOP/project/studentManagementSystem/src/studentmanagementsystem/AdminBiodata.java</file>
            <file>file:/D:/%23%23Degree/SEM%203/OOP/project/studentManagementSystem/src/studentmanagementsystem/Course.java</file>
            <file>file:/D:/%23%23Degree/SEM%203/OOP/project/studentManagementSystem/src/studentmanagementsystem/AddCourse.java</file>
            <file>file:/D:/%23%23Degree/SEM%203/OOP/project/studentManagementSystem/src/studentmanagementsystem/AdminChangePassword.java</file>
            <file>file:/D:/%23%23Degree/SEM%203/OOP/project/studentManagementSystem/src/studentmanagementsystem/StudentBiodata.java</file>
            <file>file:/D:/%23%23Degree/SEM%203/OOP/project/studentManagementSystem/src/studentmanagementsystem/Student.java</file>
            <file>file:/D:/%23%23Degree/SEM%203/OOP/project/studentManagementSystem/src/studentmanagementsystem/ListSubjectStudent.java</file>
            <file>file:/D:/%23%23Degree/SEM%203/OOP/project/studentManagementSystem/src/studentmanagementsystem/ListCourse.java</file>
            <file>file:/D:/%23%23Degree/SEM%203/OOP/project/studentManagementSystem/src/studentmanagementsystem/ListStudent.java</file>
            <file>file:/D:/%23%23Degree/SEM%203/OOP/project/studentManagementSystem/src/studentmanagementsystem/StudentChangePassword.java</file>
            <file>file:/D:/%23%23Degree/SEM%203/OOP/project/studentManagementSystem/src/studentmanagementsystem/AddSubject.java</file>
            <file>file:/D:/%23%23Degree/SEM%203/OOP/project/studentManagementSystem/src/studentmanagementsystem/Admin.java</file>
            <file>file:/D:/%23%23Degree/SEM%203/OOP/project/studentManagementSystem/src/studentmanagementsystem/PersonFactory.java</file>
        </group>
    </open-files>
</project-private>
