<?xml version="1.0" encoding="UTF-8"?>
<project-private xmlns="http://www.netbeans.org/ns/project-private/1">
    <editor-bookmarks xmlns="http://www.netbeans.org/ns/editor-bookmarks/2" lastBookmarkId="0"/>
    <open-files xmlns="http://www.netbeans.org/ns/projectui-open-files/2">
        <group>
            <file>file:/C:/Users/User/OneDrive/Documents/student-management-system/src/studentmanagementsystem/Subject.java</file>
            <file>file:/C:/Users/User/OneDrive/Documents/student-management-system/src/studentmanagementsystem/AdminBiodata.java</file>
            <file>file:/C:/Users/User/OneDrive/Documents/student-management-system/src/studentmanagementsystem/LoginStudent.java</file>
            <file>file:/C:/Users/User/OneDrive/Documents/student-management-system/src/studentmanagementsystem/Adminlogin.java</file>
            <file>file:/C:/Users/User/OneDrive/Documents/student-management-system/src/studentmanagementsystem/StudentBiodata.java</file>
            <file>file:/C:/Users/User/OneDrive/Documents/student-management-system/src/studentmanagementsystem/choose_role.java</file>
        </group>
    </open-files>
</project-private>
